system2rank,segmentId,system1Id,system2Number,system1Number,trglang,system1rank,srcIndex,judgeID,srclang,system2Id,documentId
1,001_1,ref,-1,-1,-1,2,001_1,w19_ende_u1,-1,mt,-1
2,001_1,ref,-1,-1,-1,1,001_1,w19_ende_u2,-1,mt,-1
2,001_1,ref,-1,-1,-1,1,001_1,w19_ende_u3,-1,mt,-1
1,001_2,ref,-1,-1,-1,2,001_2,w19_ende_u1,-1,mt,-1
2,001_2,ref,-1,-1,-1,1,001_2,w19_ende_u2,-1,mt,-1
1,001_2,ref,-1,-1,-1,2,001_2,w19_ende_u3,-1,mt,-1
2,001_3,ref,-1,-1,-1,1,001_3,w19_ende_u1,-1,mt,-1
2,001_3,ref,-1,-1,-1,1,001_3,w19_ende_u2,-1,mt,-1
2,001_3,ref,-1,-1,-1,1,001_3,w19_ende_u3,-1,mt,-1
2,001_4,ref,-1,-1,-1,1,001_4,w19_ende_u1,-1,mt,-1
1,001_4,ref,-1,-1,-1,2,001_4,w19_ende_u2,-1,mt,-1
2,001_4,ref,-1,-1,-1,1,001_4,w19_ende_u3,-1,mt,-1
1,001_5,ref,-1,-1,-1,2,001_5,w19_ende_u1,-1,mt,-1
1,001_5,ref,-1,-1,-1,2,001_5,w19_ende_u2,-1,mt,-1
1,001_5,ref,-1,-1,-1,2,001_5,w19_ende_u3,-1,mt,-1
1,001_6,ref,-1,-1,-1,2,001_6,w19_ende_u1,-1,mt,-1
1,001_6,ref,-1,-1,-1,1,001_6,w19_ende_u2,-1,mt,-1
2,001_6,ref,-1,-1,-1,1,001_6,w19_ende_u3,-1,mt,-1
2,001_7,ref,-1,-1,-1,1,001_7,w19_ende_u1,-1,mt,-1
1,001_7,ref,-1,-1,-1,2,001_7,w19_ende_u2,-1,mt,-1
2,001_7,ref,-1,-1,-1,1,001_7,w19_ende_u3,-1,mt,-1
1,001_8,ref,-1,-1,-1,1,001_8,w19_ende_u1,-1,mt,-1
1,001_8,ref,-1,-1,-1,2,001_8,w19_ende_u2,-1,mt,-1
1,001_8,ref,-1,-1,-1,2,001_8,w19_ende_u3,-1,mt,-1
1,001_9,ref,-1,-1,-1,1,001_9,w19_ende_u1,-1,mt,-1
2,001_9,ref,-1,-1,-1,1,001_9,w19_ende_u2,-1,mt,-1
2,001_9,ref,-1,-1,-1,1,001_9,w19_ende_u3,-1,mt,-1
2,001_10,ref,-1,-1,-1,1,001_10,w19_ende_u1,-1,mt,-1
2,001_10,ref,-1,-1,-1,1,001_10,w19_ende_u2,-1,mt,-1
2,001_10,ref,-1,-1,-1,1,001_10,w19_ende_u3,-1,mt,-1
2,001_11,ref,-1,-1,-1,1,001_11,w19_ende_u1,-1,mt,-1
1,001_11,ref,-1,-1,-1,1,001_11,w19_ende_u2,-1,mt,-1
2,001_11,ref,-1,-1,-1,1,001_11,w19_ende_u3,-1,mt,-1
2,001_12,ref,-1,-1,-1,1,001_12,w19_ende_u1,-1,mt,-1
2,001_12,ref,-1,-1,-1,1,001_12,w19_ende_u2,-1,mt,-1
1,001_12,ref,-1,-1,-1,2,001_12,w19_ende_u3,-1,mt,-1
1,001_13,ref,-1,-1,-1,1,001_13,w19_ende_u1,-1,mt,-1
1,001_13,ref,-1,-1,-1,2,001_13,w19_ende_u2,-1,mt,-1
1,001_13,ref,-1,-1,-1,2,001_13,w19_ende_u3,-1,mt,-1
1,001_14,ref,-1,-1,-1,2,001_14,w19_ende_u1,-1,mt,-1
1,001_14,ref,-1,-1,-1,2,001_14,w19_ende_u2,-1,mt,-1
1,001_14,ref,-1,-1,-1,2,001_14,w19_ende_u3,-1,mt,-1
1,001_15,ref,-1,-1,-1,2,001_15,w19_ende_u1,-1,mt,-1
1,001_15,ref,-1,-1,-1,2,001_15,w19_ende_u2,-1,mt,-1
1,001_15,ref,-1,-1,-1,2,001_15,w19_ende_u3,-1,mt,-1
2,001_16,ref,-1,-1,-1,1,001_16,w19_ende_u1,-1,mt,-1
2,001_16,ref,-1,-1,-1,1,001_16,w19_ende_u2,-1,mt,-1
1,001_16,ref,-1,-1,-1,2,001_16,w19_ende_u3,-1,mt,-1
2,002_1,ref,-1,-1,-1,1,002_1,w19_ende_u1,-1,mt,-1
2,002_1,ref,-1,-1,-1,1,002_1,w19_ende_u2,-1,mt,-1
2,002_1,ref,-1,-1,-1,1,002_1,w19_ende_u3,-1,mt,-1
1,002_2,ref,-1,-1,-1,1,002_2,w19_ende_u1,-1,mt,-1
1,002_2,ref,-1,-1,-1,2,002_2,w19_ende_u2,-1,mt,-1
2,002_2,ref,-1,-1,-1,1,002_2,w19_ende_u3,-1,mt,-1
1,002_3,ref,-1,-1,-1,1,002_3,w19_ende_u1,-1,mt,-1
2,002_3,ref,-1,-1,-1,1,002_3,w19_ende_u2,-1,mt,-1
1,002_3,ref,-1,-1,-1,2,002_3,w19_ende_u3,-1,mt,-1
1,002_4,ref,-1,-1,-1,1,002_4,w19_ende_u1,-1,mt,-1
2,002_4,ref,-1,-1,-1,1,002_4,w19_ende_u2,-1,mt,-1
1,002_4,ref,-1,-1,-1,1,002_4,w19_ende_u3,-1,mt,-1
2,002_5,ref,-1,-1,-1,1,002_5,w19_ende_u1,-1,mt,-1
1,002_5,ref,-1,-1,-1,2,002_5,w19_ende_u2,-1,mt,-1
2,002_5,ref,-1,-1,-1,1,002_5,w19_ende_u3,-1,mt,-1
1,002_6,ref,-1,-1,-1,1,002_6,w19_ende_u1,-1,mt,-1
1,002_6,ref,-1,-1,-1,2,002_6,w19_ende_u2,-1,mt,-1
1,002_6,ref,-1,-1,-1,2,002_6,w19_ende_u3,-1,mt,-1
2,003_1,ref,-1,-1,-1,1,003_1,w19_ende_u1,-1,mt,-1
2,003_1,ref,-1,-1,-1,1,003_1,w19_ende_u2,-1,mt,-1
2,003_1,ref,-1,-1,-1,1,003_1,w19_ende_u3,-1,mt,-1
1,003_2,ref,-1,-1,-1,1,003_2,w19_ende_u1,-1,mt,-1
1,003_2,ref,-1,-1,-1,1,003_2,w19_ende_u2,-1,mt,-1
1,003_2,ref,-1,-1,-1,2,003_2,w19_ende_u3,-1,mt,-1
1,003_3,ref,-1,-1,-1,1,003_3,w19_ende_u1,-1,mt,-1
1,003_3,ref,-1,-1,-1,2,003_3,w19_ende_u2,-1,mt,-1
1,003_3,ref,-1,-1,-1,2,003_3,w19_ende_u3,-1,mt,-1
1,003_4,ref,-1,-1,-1,1,003_4,w19_ende_u1,-1,mt,-1
2,003_4,ref,-1,-1,-1,1,003_4,w19_ende_u2,-1,mt,-1
2,003_4,ref,-1,-1,-1,1,003_4,w19_ende_u3,-1,mt,-1
1,003_5,ref,-1,-1,-1,2,003_5,w19_ende_u1,-1,mt,-1
1,003_5,ref,-1,-1,-1,2,003_5,w19_ende_u2,-1,mt,-1
1,003_5,ref,-1,-1,-1,2,003_5,w19_ende_u3,-1,mt,-1
2,003_6,ref,-1,-1,-1,1,003_6,w19_ende_u1,-1,mt,-1
1,003_6,ref,-1,-1,-1,2,003_6,w19_ende_u2,-1,mt,-1
2,003_6,ref,-1,-1,-1,1,003_6,w19_ende_u3,-1,mt,-1
1,003_7,ref,-1,-1,-1,2,003_7,w19_ende_u1,-1,mt,-1
2,003_7,ref,-1,-1,-1,1,003_7,w19_ende_u2,-1,mt,-1
2,003_7,ref,-1,-1,-1,1,003_7,w19_ende_u3,-1,mt,-1
2,003_8,ref,-1,-1,-1,1,003_8,w19_ende_u1,-1,mt,-1
2,003_8,ref,-1,-1,-1,1,003_8,w19_ende_u2,-1,mt,-1
1,003_8,ref,-1,-1,-1,2,003_8,w19_ende_u3,-1,mt,-1
1,003_9,ref,-1,-1,-1,1,003_9,w19_ende_u1,-1,mt,-1
1,003_9,ref,-1,-1,-1,2,003_9,w19_ende_u2,-1,mt,-1
1,003_9,ref,-1,-1,-1,1,003_9,w19_ende_u3,-1,mt,-1
1,003_10,ref,-1,-1,-1,2,003_10,w19_ende_u1,-1,mt,-1
1,003_10,ref,-1,-1,-1,2,003_10,w19_ende_u2,-1,mt,-1
2,003_10,ref,-1,-1,-1,1,003_10,w19_ende_u3,-1,mt,-1
1,003_11,ref,-1,-1,-1,1,003_11,w19_ende_u1,-1,mt,-1
1,003_11,ref,-1,-1,-1,1,003_11,w19_ende_u2,-1,mt,-1
1,003_11,ref,-1,-1,-1,1,003_11,w19_ende_u3,-1,mt,-1
2,003_12,ref,-1,-1,-1,1,003_12,w19_ende_u1,-1,mt,-1
2,003_12,ref,-1,-1,-1,1,003_12,w19_ende_u2,-1,mt,-1
2,003_12,ref,-1,-1,-1,1,003_12,w19_ende_u3,-1,mt,-1
1,003_13,ref,-1,-1,-1,1,003_13,w19_ende_u1,-1,mt,-1
1,003_13,ref,-1,-1,-1,2,003_13,w19_ende_u2,-1,mt,-1
1,003_13,ref,-1,-1,-1,2,003_13,w19_ende_u3,-1,mt,-1
1,003_14,ref,-1,-1,-1,1,003_14,w19_ende_u1,-1,mt,-1
1,003_14,ref,-1,-1,-1,2,003_14,w19_ende_u2,-1,mt,-1
1,003_14,ref,-1,-1,-1,2,003_14,w19_ende_u3,-1,mt,-1
1,003_15,ref,-1,-1,-1,1,003_15,w19_ende_u1,-1,mt,-1
2,003_15,ref,-1,-1,-1,1,003_15,w19_ende_u2,-1,mt,-1
2,003_15,ref,-1,-1,-1,1,003_15,w19_ende_u3,-1,mt,-1
1,003_16,ref,-1,-1,-1,1,003_16,w19_ende_u1,-1,mt,-1
1,003_16,ref,-1,-1,-1,1,003_16,w19_ende_u2,-1,mt,-1
1,003_16,ref,-1,-1,-1,2,003_16,w19_ende_u3,-1,mt,-1
1,003_17,ref,-1,-1,-1,2,003_17,w19_ende_u1,-1,mt,-1
1,003_17,ref,-1,-1,-1,2,003_17,w19_ende_u2,-1,mt,-1
2,003_17,ref,-1,-1,-1,1,003_17,w19_ende_u3,-1,mt,-1
1,003_18,ref,-1,-1,-1,1,003_18,w19_ende_u1,-1,mt,-1
1,003_18,ref,-1,-1,-1,2,003_18,w19_ende_u2,-1,mt,-1
1,003_18,ref,-1,-1,-1,2,003_18,w19_ende_u3,-1,mt,-1
1,003_19,ref,-1,-1,-1,2,003_19,w19_ende_u1,-1,mt,-1
1,003_19,ref,-1,-1,-1,2,003_19,w19_ende_u2,-1,mt,-1
1,003_19,ref,-1,-1,-1,2,003_19,w19_ende_u3,-1,mt,-1
2,003_20,ref,-1,-1,-1,1,003_20,w19_ende_u1,-1,mt,-1
2,003_20,ref,-1,-1,-1,1,003_20,w19_ende_u2,-1,mt,-1
1,003_20,ref,-1,-1,-1,1,003_20,w19_ende_u3,-1,mt,-1
1,003_21,ref,-1,-1,-1,1,003_21,w19_ende_u1,-1,mt,-1
2,003_21,ref,-1,-1,-1,1,003_21,w19_ende_u2,-1,mt,-1
2,003_21,ref,-1,-1,-1,1,003_21,w19_ende_u3,-1,mt,-1
2,004_1,ref,-1,-1,-1,1,004_1,w19_ende_u1,-1,mt,-1
2,004_1,ref,-1,-1,-1,1,004_1,w19_ende_u2,-1,mt,-1
1,004_1,ref,-1,-1,-1,1,004_1,w19_ende_u3,-1,mt,-1
1,004_2,ref,-1,-1,-1,1,004_2,w19_ende_u1,-1,mt,-1
1,004_2,ref,-1,-1,-1,2,004_2,w19_ende_u2,-1,mt,-1
1,004_2,ref,-1,-1,-1,2,004_2,w19_ende_u3,-1,mt,-1
1,004_3,ref,-1,-1,-1,2,004_3,w19_ende_u1,-1,mt,-1
1,004_3,ref,-1,-1,-1,2,004_3,w19_ende_u2,-1,mt,-1
1,004_3,ref,-1,-1,-1,2,004_3,w19_ende_u3,-1,mt,-1
1,004_4,ref,-1,-1,-1,2,004_4,w19_ende_u1,-1,mt,-1
1,004_4,ref,-1,-1,-1,2,004_4,w19_ende_u2,-1,mt,-1
2,004_4,ref,-1,-1,-1,1,004_4,w19_ende_u3,-1,mt,-1
1,004_5,ref,-1,-1,-1,2,004_5,w19_ende_u1,-1,mt,-1
1,004_5,ref,-1,-1,-1,2,004_5,w19_ende_u2,-1,mt,-1
2,004_5,ref,-1,-1,-1,1,004_5,w19_ende_u3,-1,mt,-1
1,004_6,ref,-1,-1,-1,1,004_6,w19_ende_u1,-1,mt,-1
1,004_6,ref,-1,-1,-1,1,004_6,w19_ende_u2,-1,mt,-1
2,004_6,ref,-1,-1,-1,1,004_6,w19_ende_u3,-1,mt,-1
1,004_7,ref,-1,-1,-1,2,004_7,w19_ende_u1,-1,mt,-1
2,004_7,ref,-1,-1,-1,1,004_7,w19_ende_u2,-1,mt,-1
1,004_7,ref,-1,-1,-1,2,004_7,w19_ende_u3,-1,mt,-1
1,004_8,ref,-1,-1,-1,2,004_8,w19_ende_u1,-1,mt,-1
1,004_8,ref,-1,-1,-1,2,004_8,w19_ende_u2,-1,mt,-1
1,004_8,ref,-1,-1,-1,2,004_8,w19_ende_u3,-1,mt,-1
2,004_9,ref,-1,-1,-1,1,004_9,w19_ende_u1,-1,mt,-1
1,004_9,ref,-1,-1,-1,2,004_9,w19_ende_u2,-1,mt,-1
1,004_9,ref,-1,-1,-1,2,004_9,w19_ende_u3,-1,mt,-1
1,004_10,ref,-1,-1,-1,1,004_10,w19_ende_u1,-1,mt,-1
2,004_10,ref,-1,-1,-1,1,004_10,w19_ende_u2,-1,mt,-1
1,004_10,ref,-1,-1,-1,1,004_10,w19_ende_u3,-1,mt,-1
1,004_11,ref,-1,-1,-1,2,004_11,w19_ende_u1,-1,mt,-1
1,004_11,ref,-1,-1,-1,2,004_11,w19_ende_u2,-1,mt,-1
1,004_11,ref,-1,-1,-1,2,004_11,w19_ende_u3,-1,mt,-1
1,004_12,ref,-1,-1,-1,2,004_12,w19_ende_u1,-1,mt,-1
1,004_12,ref,-1,-1,-1,2,004_12,w19_ende_u2,-1,mt,-1
1,004_12,ref,-1,-1,-1,2,004_12,w19_ende_u3,-1,mt,-1
1,004_13,ref,-1,-1,-1,1,004_13,w19_ende_u1,-1,mt,-1
2,004_13,ref,-1,-1,-1,1,004_13,w19_ende_u2,-1,mt,-1
1,004_13,ref,-1,-1,-1,2,004_13,w19_ende_u3,-1,mt,-1
1,004_14,ref,-1,-1,-1,2,004_14,w19_ende_u1,-1,mt,-1
1,004_14,ref,-1,-1,-1,1,004_14,w19_ende_u2,-1,mt,-1
2,004_14,ref,-1,-1,-1,1,004_14,w19_ende_u3,-1,mt,-1
2,005_1,ref,-1,-1,-1,1,005_1,w19_ende_u1,-1,mt,-1
1,005_1,ref,-1,-1,-1,2,005_1,w19_ende_u2,-1,mt,-1
2,005_1,ref,-1,-1,-1,1,005_1,w19_ende_u3,-1,mt,-1
1,005_2,ref,-1,-1,-1,1,005_2,w19_ende_u1,-1,mt,-1
1,005_2,ref,-1,-1,-1,2,005_2,w19_ende_u2,-1,mt,-1
1,005_2,ref,-1,-1,-1,2,005_2,w19_ende_u3,-1,mt,-1
1,005_3,ref,-1,-1,-1,2,005_3,w19_ende_u1,-1,mt,-1
1,005_3,ref,-1,-1,-1,2,005_3,w19_ende_u2,-1,mt,-1
1,005_3,ref,-1,-1,-1,2,005_3,w19_ende_u3,-1,mt,-1
2,005_4,ref,-1,-1,-1,1,005_4,w19_ende_u1,-1,mt,-1
2,005_4,ref,-1,-1,-1,1,005_4,w19_ende_u2,-1,mt,-1
2,005_4,ref,-1,-1,-1,1,005_4,w19_ende_u3,-1,mt,-1
1,005_5,ref,-1,-1,-1,1,005_5,w19_ende_u1,-1,mt,-1
1,005_5,ref,-1,-1,-1,2,005_5,w19_ende_u2,-1,mt,-1
2,005_5,ref,-1,-1,-1,1,005_5,w19_ende_u3,-1,mt,-1
2,005_6,ref,-1,-1,-1,1,005_6,w19_ende_u1,-1,mt,-1
2,005_6,ref,-1,-1,-1,1,005_6,w19_ende_u2,-1,mt,-1
1,005_6,ref,-1,-1,-1,2,005_6,w19_ende_u3,-1,mt,-1
2,005_7,ref,-1,-1,-1,1,005_7,w19_ende_u1,-1,mt,-1
1,005_7,ref,-1,-1,-1,2,005_7,w19_ende_u2,-1,mt,-1
2,005_7,ref,-1,-1,-1,1,005_7,w19_ende_u3,-1,mt,-1
1,005_8,ref,-1,-1,-1,1,005_8,w19_ende_u1,-1,mt,-1
2,005_8,ref,-1,-1,-1,1,005_8,w19_ende_u2,-1,mt,-1
1,005_8,ref,-1,-1,-1,2,005_8,w19_ende_u3,-1,mt,-1
1,005_9,ref,-1,-1,-1,1,005_9,w19_ende_u1,-1,mt,-1
2,005_9,ref,-1,-1,-1,1,005_9,w19_ende_u2,-1,mt,-1
2,005_9,ref,-1,-1,-1,1,005_9,w19_ende_u3,-1,mt,-1
1,005_10,ref,-1,-1,-1,2,005_10,w19_ende_u1,-1,mt,-1
1,005_10,ref,-1,-1,-1,2,005_10,w19_ende_u2,-1,mt,-1
2,005_10,ref,-1,-1,-1,1,005_10,w19_ende_u3,-1,mt,-1
1,005_11,ref,-1,-1,-1,1,005_11,w19_ende_u1,-1,mt,-1
1,005_11,ref,-1,-1,-1,2,005_11,w19_ende_u2,-1,mt,-1
1,005_11,ref,-1,-1,-1,2,005_11,w19_ende_u3,-1,mt,-1
1,005_12,ref,-1,-1,-1,2,005_12,w19_ende_u1,-1,mt,-1
2,005_12,ref,-1,-1,-1,1,005_12,w19_ende_u2,-1,mt,-1
2,005_12,ref,-1,-1,-1,1,005_12,w19_ende_u3,-1,mt,-1
1,005_13,ref,-1,-1,-1,2,005_13,w19_ende_u1,-1,mt,-1
1,005_13,ref,-1,-1,-1,2,005_13,w19_ende_u2,-1,mt,-1
1,005_13,ref,-1,-1,-1,2,005_13,w19_ende_u3,-1,mt,-1
1,005_14,ref,-1,-1,-1,2,005_14,w19_ende_u1,-1,mt,-1
1,005_14,ref,-1,-1,-1,2,005_14,w19_ende_u2,-1,mt,-1
1,005_14,ref,-1,-1,-1,2,005_14,w19_ende_u3,-1,mt,-1
2,005_15,ref,-1,-1,-1,1,005_15,w19_ende_u1,-1,mt,-1
2,005_15,ref,-1,-1,-1,1,005_15,w19_ende_u2,-1,mt,-1
2,005_15,ref,-1,-1,-1,1,005_15,w19_ende_u3,-1,mt,-1
2,005_16,ref,-1,-1,-1,1,005_16,w19_ende_u1,-1,mt,-1
1,005_16,ref,-1,-1,-1,2,005_16,w19_ende_u2,-1,mt,-1
2,005_16,ref,-1,-1,-1,1,005_16,w19_ende_u3,-1,mt,-1
2,005_17,ref,-1,-1,-1,1,005_17,w19_ende_u1,-1,mt,-1
2,005_17,ref,-1,-1,-1,1,005_17,w19_ende_u2,-1,mt,-1
1,005_17,ref,-1,-1,-1,2,005_17,w19_ende_u3,-1,mt,-1
2,005_18,ref,-1,-1,-1,1,005_18,w19_ende_u1,-1,mt,-1
1,005_18,ref,-1,-1,-1,2,005_18,w19_ende_u2,-1,mt,-1
1,005_18,ref,-1,-1,-1,2,005_18,w19_ende_u3,-1,mt,-1
1,006_1,ref,-1,-1,-1,1,006_1,w19_ende_u1,-1,mt,-1
1,006_1,ref,-1,-1,-1,2,006_1,w19_ende_u2,-1,mt,-1
1,006_1,ref,-1,-1,-1,1,006_1,w19_ende_u3,-1,mt,-1
2,006_2,ref,-1,-1,-1,1,006_2,w19_ende_u1,-1,mt,-1
2,006_2,ref,-1,-1,-1,1,006_2,w19_ende_u2,-1,mt,-1
2,006_2,ref,-1,-1,-1,1,006_2,w19_ende_u3,-1,mt,-1
1,006_3,ref,-1,-1,-1,2,006_3,w19_ende_u1,-1,mt,-1
1,006_3,ref,-1,-1,-1,2,006_3,w19_ende_u2,-1,mt,-1
2,006_3,ref,-1,-1,-1,1,006_3,w19_ende_u3,-1,mt,-1
1,006_4,ref,-1,-1,-1,1,006_4,w19_ende_u1,-1,mt,-1
1,006_4,ref,-1,-1,-1,1,006_4,w19_ende_u2,-1,mt,-1
1,006_4,ref,-1,-1,-1,1,006_4,w19_ende_u3,-1,mt,-1
1,006_5,ref,-1,-1,-1,2,006_5,w19_ende_u1,-1,mt,-1
1,006_5,ref,-1,-1,-1,2,006_5,w19_ende_u2,-1,mt,-1
1,006_5,ref,-1,-1,-1,2,006_5,w19_ende_u3,-1,mt,-1
2,006_6,ref,-1,-1,-1,1,006_6,w19_ende_u1,-1,mt,-1
2,006_6,ref,-1,-1,-1,1,006_6,w19_ende_u2,-1,mt,-1
2,006_6,ref,-1,-1,-1,1,006_6,w19_ende_u3,-1,mt,-1
1,006_7,ref,-1,-1,-1,1,006_7,w19_ende_u1,-1,mt,-1
2,006_7,ref,-1,-1,-1,1,006_7,w19_ende_u2,-1,mt,-1
1,006_7,ref,-1,-1,-1,2,006_7,w19_ende_u3,-1,mt,-1
1,006_8,ref,-1,-1,-1,2,006_8,w19_ende_u1,-1,mt,-1
2,006_8,ref,-1,-1,-1,1,006_8,w19_ende_u2,-1,mt,-1
1,006_8,ref,-1,-1,-1,2,006_8,w19_ende_u3,-1,mt,-1
2,006_9,ref,-1,-1,-1,1,006_9,w19_ende_u1,-1,mt,-1
1,006_9,ref,-1,-1,-1,2,006_9,w19_ende_u2,-1,mt,-1
2,006_9,ref,-1,-1,-1,1,006_9,w19_ende_u3,-1,mt,-1
2,006_10,ref,-1,-1,-1,1,006_10,w19_ende_u1,-1,mt,-1
1,006_10,ref,-1,-1,-1,1,006_10,w19_ende_u2,-1,mt,-1
2,006_10,ref,-1,-1,-1,1,006_10,w19_ende_u3,-1,mt,-1
2,006_11,ref,-1,-1,-1,1,006_11,w19_ende_u1,-1,mt,-1
2,006_11,ref,-1,-1,-1,1,006_11,w19_ende_u2,-1,mt,-1
1,006_11,ref,-1,-1,-1,2,006_11,w19_ende_u3,-1,mt,-1
1,006_12,ref,-1,-1,-1,1,006_12,w19_ende_u1,-1,mt,-1
1,006_12,ref,-1,-1,-1,1,006_12,w19_ende_u2,-1,mt,-1
1,006_12,ref,-1,-1,-1,1,006_12,w19_ende_u3,-1,mt,-1
2,006_13,ref,-1,-1,-1,1,006_13,w19_ende_u1,-1,mt,-1
2,006_13,ref,-1,-1,-1,1,006_13,w19_ende_u2,-1,mt,-1
2,006_13,ref,-1,-1,-1,1,006_13,w19_ende_u3,-1,mt,-1
1,006_14,ref,-1,-1,-1,2,006_14,w19_ende_u1,-1,mt,-1
1,006_14,ref,-1,-1,-1,2,006_14,w19_ende_u2,-1,mt,-1
1,006_14,ref,-1,-1,-1,2,006_14,w19_ende_u3,-1,mt,-1
2,006_15,ref,-1,-1,-1,1,006_15,w19_ende_u1,-1,mt,-1
2,006_15,ref,-1,-1,-1,1,006_15,w19_ende_u2,-1,mt,-1
2,006_15,ref,-1,-1,-1,1,006_15,w19_ende_u3,-1,mt,-1
1,006_16,ref,-1,-1,-1,1,006_16,w19_ende_u1,-1,mt,-1
1,006_16,ref,-1,-1,-1,1,006_16,w19_ende_u2,-1,mt,-1
1,006_16,ref,-1,-1,-1,1,006_16,w19_ende_u3,-1,mt,-1
1,006_17,ref,-1,-1,-1,2,006_17,w19_ende_u1,-1,mt,-1
1,006_17,ref,-1,-1,-1,2,006_17,w19_ende_u2,-1,mt,-1
1,006_17,ref,-1,-1,-1,2,006_17,w19_ende_u3,-1,mt,-1
1,006_18,ref,-1,-1,-1,1,006_18,w19_ende_u1,-1,mt,-1
1,006_18,ref,-1,-1,-1,1,006_18,w19_ende_u2,-1,mt,-1
1,006_18,ref,-1,-1,-1,1,006_18,w19_ende_u3,-1,mt,-1
1,006_19,ref,-1,-1,-1,1,006_19,w19_ende_u1,-1,mt,-1
1,006_19,ref,-1,-1,-1,2,006_19,w19_ende_u2,-1,mt,-1
1,006_19,ref,-1,-1,-1,1,006_19,w19_ende_u3,-1,mt,-1
1,006_20,ref,-1,-1,-1,1,006_20,w19_ende_u1,-1,mt,-1
1,006_20,ref,-1,-1,-1,2,006_20,w19_ende_u2,-1,mt,-1
1,006_20,ref,-1,-1,-1,2,006_20,w19_ende_u3,-1,mt,-1
2,006_21,ref,-1,-1,-1,1,006_21,w19_ende_u1,-1,mt,-1
1,006_21,ref,-1,-1,-1,2,006_21,w19_ende_u2,-1,mt,-1
1,006_21,ref,-1,-1,-1,1,006_21,w19_ende_u3,-1,mt,-1
1,007_1,ref,-1,-1,-1,2,007_1,w19_ende_u1,-1,mt,-1
1,007_1,ref,-1,-1,-1,2,007_1,w19_ende_u2,-1,mt,-1
1,007_1,ref,-1,-1,-1,2,007_1,w19_ende_u3,-1,mt,-1
1,007_2,ref,-1,-1,-1,2,007_2,w19_ende_u1,-1,mt,-1
1,007_2,ref,-1,-1,-1,2,007_2,w19_ende_u2,-1,mt,-1
1,007_2,ref,-1,-1,-1,2,007_2,w19_ende_u3,-1,mt,-1
1,007_3,ref,-1,-1,-1,2,007_3,w19_ende_u1,-1,mt,-1
2,007_3,ref,-1,-1,-1,1,007_3,w19_ende_u2,-1,mt,-1
1,007_3,ref,-1,-1,-1,2,007_3,w19_ende_u3,-1,mt,-1
2,007_4,ref,-1,-1,-1,1,007_4,w19_ende_u1,-1,mt,-1
1,007_4,ref,-1,-1,-1,2,007_4,w19_ende_u2,-1,mt,-1
1,007_4,ref,-1,-1,-1,2,007_4,w19_ende_u3,-1,mt,-1
1,007_5,ref,-1,-1,-1,2,007_5,w19_ende_u1,-1,mt,-1
1,007_5,ref,-1,-1,-1,2,007_5,w19_ende_u2,-1,mt,-1
1,007_5,ref,-1,-1,-1,2,007_5,w19_ende_u3,-1,mt,-1
1,007_6,ref,-1,-1,-1,2,007_6,w19_ende_u1,-1,mt,-1
1,007_6,ref,-1,-1,-1,2,007_6,w19_ende_u2,-1,mt,-1
1,007_6,ref,-1,-1,-1,1,007_6,w19_ende_u3,-1,mt,-1
1,007_7,ref,-1,-1,-1,2,007_7,w19_ende_u1,-1,mt,-1
1,007_7,ref,-1,-1,-1,2,007_7,w19_ende_u2,-1,mt,-1
1,007_7,ref,-1,-1,-1,2,007_7,w19_ende_u3,-1,mt,-1
1,007_8,ref,-1,-1,-1,2,007_8,w19_ende_u1,-1,mt,-1
1,007_8,ref,-1,-1,-1,2,007_8,w19_ende_u2,-1,mt,-1
1,007_8,ref,-1,-1,-1,2,007_8,w19_ende_u3,-1,mt,-1
1,007_9,ref,-1,-1,-1,1,007_9,w19_ende_u1,-1,mt,-1
1,007_9,ref,-1,-1,-1,2,007_9,w19_ende_u2,-1,mt,-1
1,007_9,ref,-1,-1,-1,2,007_9,w19_ende_u3,-1,mt,-1
1,007_10,ref,-1,-1,-1,1,007_10,w19_ende_u1,-1,mt,-1
1,007_10,ref,-1,-1,-1,2,007_10,w19_ende_u2,-1,mt,-1
1,007_10,ref,-1,-1,-1,1,007_10,w19_ende_u3,-1,mt,-1
2,007_11,ref,-1,-1,-1,1,007_11,w19_ende_u1,-1,mt,-1
2,007_11,ref,-1,-1,-1,1,007_11,w19_ende_u2,-1,mt,-1
2,007_11,ref,-1,-1,-1,1,007_11,w19_ende_u3,-1,mt,-1
2,007_12,ref,-1,-1,-1,1,007_12,w19_ende_u1,-1,mt,-1
2,007_12,ref,-1,-1,-1,1,007_12,w19_ende_u2,-1,mt,-1
2,007_12,ref,-1,-1,-1,1,007_12,w19_ende_u3,-1,mt,-1
1,007_13,ref,-1,-1,-1,1,007_13,w19_ende_u1,-1,mt,-1
1,007_13,ref,-1,-1,-1,1,007_13,w19_ende_u2,-1,mt,-1
1,007_13,ref,-1,-1,-1,1,007_13,w19_ende_u3,-1,mt,-1
1,007_14,ref,-1,-1,-1,1,007_14,w19_ende_u1,-1,mt,-1
1,007_14,ref,-1,-1,-1,1,007_14,w19_ende_u2,-1,mt,-1
2,007_14,ref,-1,-1,-1,1,007_14,w19_ende_u3,-1,mt,-1
1,007_15,ref,-1,-1,-1,2,007_15,w19_ende_u1,-1,mt,-1
1,007_15,ref,-1,-1,-1,2,007_15,w19_ende_u2,-1,mt,-1
1,007_15,ref,-1,-1,-1,2,007_15,w19_ende_u3,-1,mt,-1
1,007_16,ref,-1,-1,-1,2,007_16,w19_ende_u1,-1,mt,-1
2,007_16,ref,-1,-1,-1,1,007_16,w19_ende_u2,-1,mt,-1
1,007_16,ref,-1,-1,-1,2,007_16,w19_ende_u3,-1,mt,-1
1,007_17,ref,-1,-1,-1,1,007_17,w19_ende_u1,-1,mt,-1
2,007_17,ref,-1,-1,-1,1,007_17,w19_ende_u2,-1,mt,-1
1,007_17,ref,-1,-1,-1,2,007_17,w19_ende_u3,-1,mt,-1
2,008_1,ref,-1,-1,-1,1,008_1,w19_ende_u1,-1,mt,-1
1,008_1,ref,-1,-1,-1,2,008_1,w19_ende_u2,-1,mt,-1
2,008_1,ref,-1,-1,-1,1,008_1,w19_ende_u3,-1,mt,-1
1,008_2,ref,-1,-1,-1,1,008_2,w19_ende_u1,-1,mt,-1
1,008_2,ref,-1,-1,-1,2,008_2,w19_ende_u2,-1,mt,-1
1,008_2,ref,-1,-1,-1,2,008_2,w19_ende_u3,-1,mt,-1
1,008_3,ref,-1,-1,-1,2,008_3,w19_ende_u1,-1,mt,-1
2,008_3,ref,-1,-1,-1,1,008_3,w19_ende_u2,-1,mt,-1
1,008_3,ref,-1,-1,-1,2,008_3,w19_ende_u3,-1,mt,-1
1,008_4,ref,-1,-1,-1,2,008_4,w19_ende_u1,-1,mt,-1
2,008_4,ref,-1,-1,-1,1,008_4,w19_ende_u2,-1,mt,-1
1,008_4,ref,-1,-1,-1,1,008_4,w19_ende_u3,-1,mt,-1
1,008_5,ref,-1,-1,-1,1,008_5,w19_ende_u1,-1,mt,-1
1,008_5,ref,-1,-1,-1,1,008_5,w19_ende_u2,-1,mt,-1
1,008_5,ref,-1,-1,-1,1,008_5,w19_ende_u3,-1,mt,-1
1,008_6,ref,-1,-1,-1,1,008_6,w19_ende_u1,-1,mt,-1
2,008_6,ref,-1,-1,-1,1,008_6,w19_ende_u2,-1,mt,-1
1,008_6,ref,-1,-1,-1,1,008_6,w19_ende_u3,-1,mt,-1
2,008_7,ref,-1,-1,-1,1,008_7,w19_ende_u1,-1,mt,-1
1,008_7,ref,-1,-1,-1,2,008_7,w19_ende_u2,-1,mt,-1
1,008_7,ref,-1,-1,-1,1,008_7,w19_ende_u3,-1,mt,-1
1,008_8,ref,-1,-1,-1,2,008_8,w19_ende_u1,-1,mt,-1
1,008_8,ref,-1,-1,-1,2,008_8,w19_ende_u2,-1,mt,-1
1,008_8,ref,-1,-1,-1,2,008_8,w19_ende_u3,-1,mt,-1
1,008_9,ref,-1,-1,-1,1,008_9,w19_ende_u1,-1,mt,-1
1,008_9,ref,-1,-1,-1,1,008_9,w19_ende_u2,-1,mt,-1
1,008_9,ref,-1,-1,-1,1,008_9,w19_ende_u3,-1,mt,-1
2,008_10,ref,-1,-1,-1,1,008_10,w19_ende_u1,-1,mt,-1
2,008_10,ref,-1,-1,-1,1,008_10,w19_ende_u2,-1,mt,-1
2,008_10,ref,-1,-1,-1,1,008_10,w19_ende_u3,-1,mt,-1
1,008_11,ref,-1,-1,-1,1,008_11,w19_ende_u1,-1,mt,-1
1,008_11,ref,-1,-1,-1,1,008_11,w19_ende_u2,-1,mt,-1
1,008_11,ref,-1,-1,-1,1,008_11,w19_ende_u3,-1,mt,-1
1,008_12,ref,-1,-1,-1,2,008_12,w19_ende_u1,-1,mt,-1
2,008_12,ref,-1,-1,-1,1,008_12,w19_ende_u2,-1,mt,-1
2,008_12,ref,-1,-1,-1,1,008_12,w19_ende_u3,-1,mt,-1
1,008_13,ref,-1,-1,-1,2,008_13,w19_ende_u1,-1,mt,-1
1,008_13,ref,-1,-1,-1,2,008_13,w19_ende_u2,-1,mt,-1
1,008_13,ref,-1,-1,-1,2,008_13,w19_ende_u3,-1,mt,-1
2,008_14,ref,-1,-1,-1,1,008_14,w19_ende_u1,-1,mt,-1
2,008_14,ref,-1,-1,-1,1,008_14,w19_ende_u2,-1,mt,-1
1,008_14,ref,-1,-1,-1,2,008_14,w19_ende_u3,-1,mt,-1
1,008_15,ref,-1,-1,-1,1,008_15,w19_ende_u1,-1,mt,-1
2,008_15,ref,-1,-1,-1,1,008_15,w19_ende_u2,-1,mt,-1
1,008_15,ref,-1,-1,-1,1,008_15,w19_ende_u3,-1,mt,-1
1,008_16,ref,-1,-1,-1,2,008_16,w19_ende_u1,-1,mt,-1
2,008_16,ref,-1,-1,-1,1,008_16,w19_ende_u2,-1,mt,-1
1,008_16,ref,-1,-1,-1,1,008_16,w19_ende_u3,-1,mt,-1
2,009_1,ref,-1,-1,-1,1,009_1,w19_ende_u1,-1,mt,-1
1,009_1,ref,-1,-1,-1,2,009_1,w19_ende_u2,-1,mt,-1
2,009_1,ref,-1,-1,-1,1,009_1,w19_ende_u3,-1,mt,-1
1,009_2,ref,-1,-1,-1,2,009_2,w19_ende_u1,-1,mt,-1
1,009_2,ref,-1,-1,-1,2,009_2,w19_ende_u2,-1,mt,-1
1,009_2,ref,-1,-1,-1,2,009_2,w19_ende_u3,-1,mt,-1
1,009_3,ref,-1,-1,-1,2,009_3,w19_ende_u1,-1,mt,-1
1,009_3,ref,-1,-1,-1,2,009_3,w19_ende_u2,-1,mt,-1
1,009_3,ref,-1,-1,-1,1,009_3,w19_ende_u3,-1,mt,-1
1,009_4,ref,-1,-1,-1,2,009_4,w19_ende_u1,-1,mt,-1
1,009_4,ref,-1,-1,-1,2,009_4,w19_ende_u2,-1,mt,-1
1,009_4,ref,-1,-1,-1,2,009_4,w19_ende_u3,-1,mt,-1
2,009_5,ref,-1,-1,-1,1,009_5,w19_ende_u1,-1,mt,-1
1,009_5,ref,-1,-1,-1,2,009_5,w19_ende_u2,-1,mt,-1
2,009_5,ref,-1,-1,-1,1,009_5,w19_ende_u3,-1,mt,-1
1,009_6,ref,-1,-1,-1,1,009_6,w19_ende_u1,-1,mt,-1
2,009_6,ref,-1,-1,-1,1,009_6,w19_ende_u2,-1,mt,-1
2,009_6,ref,-1,-1,-1,1,009_6,w19_ende_u3,-1,mt,-1
1,009_7,ref,-1,-1,-1,1,009_7,w19_ende_u1,-1,mt,-1
2,009_7,ref,-1,-1,-1,1,009_7,w19_ende_u2,-1,mt,-1
1,009_7,ref,-1,-1,-1,2,009_7,w19_ende_u3,-1,mt,-1
2,009_8,ref,-1,-1,-1,1,009_8,w19_ende_u1,-1,mt,-1
2,009_8,ref,-1,-1,-1,1,009_8,w19_ende_u2,-1,mt,-1
2,009_8,ref,-1,-1,-1,1,009_8,w19_ende_u3,-1,mt,-1
1,009_9,ref,-1,-1,-1,2,009_9,w19_ende_u1,-1,mt,-1
1,009_9,ref,-1,-1,-1,2,009_9,w19_ende_u2,-1,mt,-1
1,009_9,ref,-1,-1,-1,2,009_9,w19_ende_u3,-1,mt,-1
2,009_10,ref,-1,-1,-1,1,009_10,w19_ende_u1,-1,mt,-1
1,009_10,ref,-1,-1,-1,2,009_10,w19_ende_u2,-1,mt,-1
2,009_10,ref,-1,-1,-1,1,009_10,w19_ende_u3,-1,mt,-1
2,009_11,ref,-1,-1,-1,1,009_11,w19_ende_u1,-1,mt,-1
2,009_11,ref,-1,-1,-1,1,009_11,w19_ende_u2,-1,mt,-1
2,009_11,ref,-1,-1,-1,1,009_11,w19_ende_u3,-1,mt,-1
2,009_12,ref,-1,-1,-1,1,009_12,w19_ende_u1,-1,mt,-1
2,009_12,ref,-1,-1,-1,1,009_12,w19_ende_u2,-1,mt,-1
2,009_12,ref,-1,-1,-1,1,009_12,w19_ende_u3,-1,mt,-1
1,009_13,ref,-1,-1,-1,2,009_13,w19_ende_u1,-1,mt,-1
2,009_13,ref,-1,-1,-1,1,009_13,w19_ende_u2,-1,mt,-1
2,009_13,ref,-1,-1,-1,1,009_13,w19_ende_u3,-1,mt,-1
1,009_14,ref,-1,-1,-1,2,009_14,w19_ende_u1,-1,mt,-1
1,009_14,ref,-1,-1,-1,2,009_14,w19_ende_u2,-1,mt,-1
1,009_14,ref,-1,-1,-1,1,009_14,w19_ende_u3,-1,mt,-1
1,009_15,ref,-1,-1,-1,1,009_15,w19_ende_u1,-1,mt,-1
1,009_15,ref,-1,-1,-1,1,009_15,w19_ende_u2,-1,mt,-1
1,009_15,ref,-1,-1,-1,1,009_15,w19_ende_u3,-1,mt,-1
1,010_1,ref,-1,-1,-1,2,010_1,w19_ende_u1,-1,mt,-1
1,010_1,ref,-1,-1,-1,2,010_1,w19_ende_u2,-1,mt,-1
1,010_1,ref,-1,-1,-1,2,010_1,w19_ende_u3,-1,mt,-1
1,010_2,ref,-1,-1,-1,1,010_2,w19_ende_u1,-1,mt,-1
2,010_2,ref,-1,-1,-1,1,010_2,w19_ende_u2,-1,mt,-1
1,010_2,ref,-1,-1,-1,1,010_2,w19_ende_u3,-1,mt,-1
1,010_3,ref,-1,-1,-1,1,010_3,w19_ende_u1,-1,mt,-1
1,010_3,ref,-1,-1,-1,2,010_3,w19_ende_u2,-1,mt,-1
2,010_3,ref,-1,-1,-1,1,010_3,w19_ende_u3,-1,mt,-1
2,010_4,ref,-1,-1,-1,1,010_4,w19_ende_u1,-1,mt,-1
2,010_4,ref,-1,-1,-1,1,010_4,w19_ende_u2,-1,mt,-1
1,010_4,ref,-1,-1,-1,1,010_4,w19_ende_u3,-1,mt,-1
1,011_1,ref,-1,-1,-1,1,011_1,w19_ende_u1,-1,mt,-1
1,011_1,ref,-1,-1,-1,2,011_1,w19_ende_u2,-1,mt,-1
1,011_1,ref,-1,-1,-1,1,011_1,w19_ende_u3,-1,mt,-1
1,011_2,ref,-1,-1,-1,1,011_2,w19_ende_u1,-1,mt,-1
2,011_2,ref,-1,-1,-1,1,011_2,w19_ende_u2,-1,mt,-1
2,011_2,ref,-1,-1,-1,1,011_2,w19_ende_u3,-1,mt,-1
2,011_3,ref,-1,-1,-1,1,011_3,w19_ende_u1,-1,mt,-1
1,011_3,ref,-1,-1,-1,2,011_3,w19_ende_u2,-1,mt,-1
1,011_3,ref,-1,-1,-1,1,011_3,w19_ende_u3,-1,mt,-1
2,011_4,ref,-1,-1,-1,1,011_4,w19_ende_u1,-1,mt,-1
2,011_4,ref,-1,-1,-1,1,011_4,w19_ende_u2,-1,mt,-1
1,011_4,ref,-1,-1,-1,1,011_4,w19_ende_u3,-1,mt,-1
1,011_5,ref,-1,-1,-1,1,011_5,w19_ende_u1,-1,mt,-1
1,011_5,ref,-1,-1,-1,2,011_5,w19_ende_u2,-1,mt,-1
1,011_5,ref,-1,-1,-1,2,011_5,w19_ende_u3,-1,mt,-1
1,011_6,ref,-1,-1,-1,2,011_6,w19_ende_u1,-1,mt,-1
1,011_6,ref,-1,-1,-1,2,011_6,w19_ende_u2,-1,mt,-1
2,011_6,ref,-1,-1,-1,1,011_6,w19_ende_u3,-1,mt,-1
1,011_7,ref,-1,-1,-1,2,011_7,w19_ende_u1,-1,mt,-1
1,011_7,ref,-1,-1,-1,2,011_7,w19_ende_u2,-1,mt,-1
1,011_7,ref,-1,-1,-1,2,011_7,w19_ende_u3,-1,mt,-1
1,011_8,ref,-1,-1,-1,2,011_8,w19_ende_u1,-1,mt,-1
1,011_8,ref,-1,-1,-1,2,011_8,w19_ende_u2,-1,mt,-1
1,011_8,ref,-1,-1,-1,2,011_8,w19_ende_u3,-1,mt,-1
1,011_9,ref,-1,-1,-1,2,011_9,w19_ende_u1,-1,mt,-1
1,011_9,ref,-1,-1,-1,2,011_9,w19_ende_u2,-1,mt,-1
1,011_9,ref,-1,-1,-1,2,011_9,w19_ende_u3,-1,mt,-1
2,011_10,ref,-1,-1,-1,1,011_10,w19_ende_u1,-1,mt,-1
2,011_10,ref,-1,-1,-1,1,011_10,w19_ende_u2,-1,mt,-1
1,011_10,ref,-1,-1,-1,2,011_10,w19_ende_u3,-1,mt,-1
2,011_11,ref,-1,-1,-1,1,011_11,w19_ende_u1,-1,mt,-1
2,011_11,ref,-1,-1,-1,1,011_11,w19_ende_u2,-1,mt,-1
1,011_11,ref,-1,-1,-1,2,011_11,w19_ende_u3,-1,mt,-1
1,011_12,ref,-1,-1,-1,1,011_12,w19_ende_u1,-1,mt,-1
1,011_12,ref,-1,-1,-1,2,011_12,w19_ende_u2,-1,mt,-1
1,011_12,ref,-1,-1,-1,1,011_12,w19_ende_u3,-1,mt,-1
2,011_13,ref,-1,-1,-1,1,011_13,w19_ende_u1,-1,mt,-1
1,011_13,ref,-1,-1,-1,2,011_13,w19_ende_u2,-1,mt,-1
2,011_13,ref,-1,-1,-1,1,011_13,w19_ende_u3,-1,mt,-1
1,011_14,ref,-1,-1,-1,1,011_14,w19_ende_u1,-1,mt,-1
2,011_14,ref,-1,-1,-1,1,011_14,w19_ende_u2,-1,mt,-1
1,011_14,ref,-1,-1,-1,1,011_14,w19_ende_u3,-1,mt,-1
1,011_15,ref,-1,-1,-1,1,011_15,w19_ende_u1,-1,mt,-1
1,011_15,ref,-1,-1,-1,2,011_15,w19_ende_u2,-1,mt,-1
1,011_15,ref,-1,-1,-1,1,011_15,w19_ende_u3,-1,mt,-1
1,011_16,ref,-1,-1,-1,2,011_16,w19_ende_u1,-1,mt,-1
1,011_16,ref,-1,-1,-1,2,011_16,w19_ende_u2,-1,mt,-1
2,011_16,ref,-1,-1,-1,1,011_16,w19_ende_u3,-1,mt,-1
1,011_17,ref,-1,-1,-1,2,011_17,w19_ende_u1,-1,mt,-1
1,011_17,ref,-1,-1,-1,2,011_17,w19_ende_u2,-1,mt,-1
1,011_17,ref,-1,-1,-1,2,011_17,w19_ende_u3,-1,mt,-1
1,011_18,ref,-1,-1,-1,2,011_18,w19_ende_u1,-1,mt,-1
2,011_18,ref,-1,-1,-1,1,011_18,w19_ende_u2,-1,mt,-1
1,011_18,ref,-1,-1,-1,2,011_18,w19_ende_u3,-1,mt,-1
1,012_1,ref,-1,-1,-1,2,012_1,w19_ende_u1,-1,mt,-1
2,012_1,ref,-1,-1,-1,1,012_1,w19_ende_u2,-1,mt,-1
2,012_1,ref,-1,-1,-1,1,012_1,w19_ende_u3,-1,mt,-1
1,012_2,ref,-1,-1,-1,2,012_2,w19_ende_u1,-1,mt,-1
1,012_2,ref,-1,-1,-1,2,012_2,w19_ende_u2,-1,mt,-1
1,012_2,ref,-1,-1,-1,1,012_2,w19_ende_u3,-1,mt,-1
1,012_3,ref,-1,-1,-1,2,012_3,w19_ende_u1,-1,mt,-1
2,012_3,ref,-1,-1,-1,1,012_3,w19_ende_u2,-1,mt,-1
1,012_3,ref,-1,-1,-1,2,012_3,w19_ende_u3,-1,mt,-1
1,012_4,ref,-1,-1,-1,2,012_4,w19_ende_u1,-1,mt,-1
2,012_4,ref,-1,-1,-1,1,012_4,w19_ende_u2,-1,mt,-1
1,012_4,ref,-1,-1,-1,2,012_4,w19_ende_u3,-1,mt,-1
1,012_5,ref,-1,-1,-1,1,012_5,w19_ende_u1,-1,mt,-1
1,012_5,ref,-1,-1,-1,1,012_5,w19_ende_u2,-1,mt,-1
1,012_5,ref,-1,-1,-1,1,012_5,w19_ende_u3,-1,mt,-1
2,012_6,ref,-1,-1,-1,1,012_6,w19_ende_u1,-1,mt,-1
2,012_6,ref,-1,-1,-1,1,012_6,w19_ende_u2,-1,mt,-1
2,012_6,ref,-1,-1,-1,1,012_6,w19_ende_u3,-1,mt,-1
1,012_7,ref,-1,-1,-1,1,012_7,w19_ende_u1,-1,mt,-1
2,012_7,ref,-1,-1,-1,1,012_7,w19_ende_u2,-1,mt,-1
2,012_7,ref,-1,-1,-1,1,012_7,w19_ende_u3,-1,mt,-1
1,012_8,ref,-1,-1,-1,1,012_8,w19_ende_u1,-1,mt,-1
2,012_8,ref,-1,-1,-1,1,012_8,w19_ende_u2,-1,mt,-1
1,012_8,ref,-1,-1,-1,2,012_8,w19_ende_u3,-1,mt,-1
1,012_9,ref,-1,-1,-1,2,012_9,w19_ende_u1,-1,mt,-1
2,012_9,ref,-1,-1,-1,1,012_9,w19_ende_u2,-1,mt,-1
1,012_9,ref,-1,-1,-1,2,012_9,w19_ende_u3,-1,mt,-1
2,012_10,ref,-1,-1,-1,1,012_10,w19_ende_u1,-1,mt,-1
2,012_10,ref,-1,-1,-1,1,012_10,w19_ende_u2,-1,mt,-1
2,012_10,ref,-1,-1,-1,1,012_10,w19_ende_u3,-1,mt,-1
2,012_11,ref,-1,-1,-1,1,012_11,w19_ende_u1,-1,mt,-1
2,012_11,ref,-1,-1,-1,1,012_11,w19_ende_u2,-1,mt,-1
2,012_11,ref,-1,-1,-1,1,012_11,w19_ende_u3,-1,mt,-1
2,013_1,ref,-1,-1,-1,1,013_1,w19_ende_u1,-1,mt,-1
1,013_1,ref,-1,-1,-1,2,013_1,w19_ende_u2,-1,mt,-1
2,013_1,ref,-1,-1,-1,1,013_1,w19_ende_u3,-1,mt,-1
1,013_2,ref,-1,-1,-1,1,013_2,w19_ende_u1,-1,mt,-1
2,013_2,ref,-1,-1,-1,1,013_2,w19_ende_u2,-1,mt,-1
2,013_2,ref,-1,-1,-1,1,013_2,w19_ende_u3,-1,mt,-1
1,013_3,ref,-1,-1,-1,2,013_3,w19_ende_u1,-1,mt,-1
1,013_3,ref,-1,-1,-1,2,013_3,w19_ende_u2,-1,mt,-1
1,013_3,ref,-1,-1,-1,2,013_3,w19_ende_u3,-1,mt,-1
1,013_4,ref,-1,-1,-1,2,013_4,w19_ende_u1,-1,mt,-1
1,013_4,ref,-1,-1,-1,2,013_4,w19_ende_u2,-1,mt,-1
1,013_4,ref,-1,-1,-1,2,013_4,w19_ende_u3,-1,mt,-1
1,013_5,ref,-1,-1,-1,2,013_5,w19_ende_u1,-1,mt,-1
1,013_5,ref,-1,-1,-1,2,013_5,w19_ende_u2,-1,mt,-1
2,013_5,ref,-1,-1,-1,1,013_5,w19_ende_u3,-1,mt,-1
1,013_6,ref,-1,-1,-1,2,013_6,w19_ende_u1,-1,mt,-1
2,013_6,ref,-1,-1,-1,1,013_6,w19_ende_u2,-1,mt,-1
2,013_6,ref,-1,-1,-1,1,013_6,w19_ende_u3,-1,mt,-1
1,013_7,ref,-1,-1,-1,1,013_7,w19_ende_u1,-1,mt,-1
1,013_7,ref,-1,-1,-1,2,013_7,w19_ende_u2,-1,mt,-1
1,013_7,ref,-1,-1,-1,1,013_7,w19_ende_u3,-1,mt,-1
2,013_8,ref,-1,-1,-1,1,013_8,w19_ende_u1,-1,mt,-1
1,013_8,ref,-1,-1,-1,2,013_8,w19_ende_u2,-1,mt,-1
1,013_8,ref,-1,-1,-1,2,013_8,w19_ende_u3,-1,mt,-1
1,013_9,ref,-1,-1,-1,2,013_9,w19_ende_u1,-1,mt,-1
1,013_9,ref,-1,-1,-1,2,013_9,w19_ende_u2,-1,mt,-1
1,013_9,ref,-1,-1,-1,2,013_9,w19_ende_u3,-1,mt,-1
1,013_10,ref,-1,-1,-1,1,013_10,w19_ende_u1,-1,mt,-1
1,013_10,ref,-1,-1,-1,2,013_10,w19_ende_u2,-1,mt,-1
1,013_10,ref,-1,-1,-1,1,013_10,w19_ende_u3,-1,mt,-1
1,013_11,ref,-1,-1,-1,1,013_11,w19_ende_u1,-1,mt,-1
1,013_11,ref,-1,-1,-1,1,013_11,w19_ende_u2,-1,mt,-1
1,013_11,ref,-1,-1,-1,2,013_11,w19_ende_u3,-1,mt,-1
1,013_12,ref,-1,-1,-1,2,013_12,w19_ende_u1,-1,mt,-1
2,013_12,ref,-1,-1,-1,1,013_12,w19_ende_u2,-1,mt,-1
2,013_12,ref,-1,-1,-1,1,013_12,w19_ende_u3,-1,mt,-1
1,013_13,ref,-1,-1,-1,1,013_13,w19_ende_u1,-1,mt,-1
2,013_13,ref,-1,-1,-1,1,013_13,w19_ende_u2,-1,mt,-1
2,013_13,ref,-1,-1,-1,1,013_13,w19_ende_u3,-1,mt,-1
2,013_14,ref,-1,-1,-1,1,013_14,w19_ende_u1,-1,mt,-1
1,013_14,ref,-1,-1,-1,2,013_14,w19_ende_u2,-1,mt,-1
1,013_14,ref,-1,-1,-1,1,013_14,w19_ende_u3,-1,mt,-1
1,013_15,ref,-1,-1,-1,1,013_15,w19_ende_u1,-1,mt,-1
2,013_15,ref,-1,-1,-1,1,013_15,w19_ende_u2,-1,mt,-1
2,013_15,ref,-1,-1,-1,1,013_15,w19_ende_u3,-1,mt,-1
1,013_16,ref,-1,-1,-1,1,013_16,w19_ende_u1,-1,mt,-1
1,013_16,ref,-1,-1,-1,2,013_16,w19_ende_u2,-1,mt,-1
1,013_16,ref,-1,-1,-1,1,013_16,w19_ende_u3,-1,mt,-1
2,013_17,ref,-1,-1,-1,1,013_17,w19_ende_u1,-1,mt,-1
1,013_17,ref,-1,-1,-1,2,013_17,w19_ende_u2,-1,mt,-1
1,013_17,ref,-1,-1,-1,2,013_17,w19_ende_u3,-1,mt,-1
1,013_18,ref,-1,-1,-1,2,013_18,w19_ende_u1,-1,mt,-1
1,013_18,ref,-1,-1,-1,2,013_18,w19_ende_u2,-1,mt,-1
1,013_18,ref,-1,-1,-1,2,013_18,w19_ende_u3,-1,mt,-1
2,013_19,ref,-1,-1,-1,1,013_19,w19_ende_u1,-1,mt,-1
2,013_19,ref,-1,-1,-1,1,013_19,w19_ende_u2,-1,mt,-1
1,013_19,ref,-1,-1,-1,1,013_19,w19_ende_u3,-1,mt,-1
2,013_20,ref,-1,-1,-1,1,013_20,w19_ende_u1,-1,mt,-1
2,013_20,ref,-1,-1,-1,1,013_20,w19_ende_u2,-1,mt,-1
2,013_20,ref,-1,-1,-1,1,013_20,w19_ende_u3,-1,mt,-1
2,013_21,ref,-1,-1,-1,1,013_21,w19_ende_u1,-1,mt,-1
1,013_21,ref,-1,-1,-1,2,013_21,w19_ende_u2,-1,mt,-1
2,013_21,ref,-1,-1,-1,1,013_21,w19_ende_u3,-1,mt,-1
2,014_1,ref,-1,-1,-1,1,014_1,w19_ende_u1,-1,mt,-1
1,014_1,ref,-1,-1,-1,2,014_1,w19_ende_u3,-1,mt,-1
1,014_1,ref,-1,-1,-1,2,014_1,w19_ende_u2,-1,mt,-1
1,014_2,ref,-1,-1,-1,1,014_2,w19_ende_u1,-1,mt,-1
1,014_2,ref,-1,-1,-1,2,014_2,w19_ende_u3,-1,mt,-1
1,014_2,ref,-1,-1,-1,2,014_2,w19_ende_u2,-1,mt,-1
2,014_3,ref,-1,-1,-1,1,014_3,w19_ende_u1,-1,mt,-1
2,014_3,ref,-1,-1,-1,1,014_3,w19_ende_u3,-1,mt,-1
1,014_3,ref,-1,-1,-1,2,014_3,w19_ende_u2,-1,mt,-1
1,014_4,ref,-1,-1,-1,2,014_4,w19_ende_u1,-1,mt,-1
1,014_4,ref,-1,-1,-1,2,014_4,w19_ende_u3,-1,mt,-1
1,014_4,ref,-1,-1,-1,1,014_4,w19_ende_u2,-1,mt,-1
1,014_5,ref,-1,-1,-1,1,014_5,w19_ende_u1,-1,mt,-1
2,014_5,ref,-1,-1,-1,1,014_5,w19_ende_u3,-1,mt,-1
2,014_5,ref,-1,-1,-1,1,014_5,w19_ende_u2,-1,mt,-1
2,014_6,ref,-1,-1,-1,1,014_6,w19_ende_u1,-1,mt,-1
1,014_6,ref,-1,-1,-1,2,014_6,w19_ende_u3,-1,mt,-1
2,014_6,ref,-1,-1,-1,1,014_6,w19_ende_u2,-1,mt,-1
1,014_7,ref,-1,-1,-1,1,014_7,w19_ende_u1,-1,mt,-1
1,014_7,ref,-1,-1,-1,1,014_7,w19_ende_u3,-1,mt,-1
1,014_7,ref,-1,-1,-1,1,014_7,w19_ende_u2,-1,mt,-1
2,014_8,ref,-1,-1,-1,1,014_8,w19_ende_u1,-1,mt,-1
2,014_8,ref,-1,-1,-1,1,014_8,w19_ende_u3,-1,mt,-1
1,014_8,ref,-1,-1,-1,2,014_8,w19_ende_u2,-1,mt,-1
2,014_9,ref,-1,-1,-1,1,014_9,w19_ende_u1,-1,mt,-1
1,014_9,ref,-1,-1,-1,2,014_9,w19_ende_u3,-1,mt,-1
2,014_9,ref,-1,-1,-1,1,014_9,w19_ende_u2,-1,mt,-1
2,014_10,ref,-1,-1,-1,1,014_10,w19_ende_u1,-1,mt,-1
2,014_10,ref,-1,-1,-1,1,014_10,w19_ende_u3,-1,mt,-1
2,014_10,ref,-1,-1,-1,1,014_10,w19_ende_u2,-1,mt,-1
2,014_11,ref,-1,-1,-1,1,014_11,w19_ende_u1,-1,mt,-1
1,014_11,ref,-1,-1,-1,2,014_11,w19_ende_u3,-1,mt,-1
2,014_11,ref,-1,-1,-1,1,014_11,w19_ende_u2,-1,mt,-1
1,014_12,ref,-1,-1,-1,2,014_12,w19_ende_u1,-1,mt,-1
1,014_12,ref,-1,-1,-1,2,014_12,w19_ende_u3,-1,mt,-1
1,014_12,ref,-1,-1,-1,2,014_12,w19_ende_u2,-1,mt,-1
2,014_13,ref,-1,-1,-1,1,014_13,w19_ende_u1,-1,mt,-1
2,014_13,ref,-1,-1,-1,1,014_13,w19_ende_u3,-1,mt,-1
2,014_13,ref,-1,-1,-1,1,014_13,w19_ende_u2,-1,mt,-1
1,014_14,ref,-1,-1,-1,2,014_14,w19_ende_u1,-1,mt,-1
2,014_14,ref,-1,-1,-1,1,014_14,w19_ende_u3,-1,mt,-1
1,014_14,ref,-1,-1,-1,2,014_14,w19_ende_u2,-1,mt,-1
2,014_15,ref,-1,-1,-1,1,014_15,w19_ende_u1,-1,mt,-1
2,014_15,ref,-1,-1,-1,1,014_15,w19_ende_u3,-1,mt,-1
2,014_15,ref,-1,-1,-1,1,014_15,w19_ende_u2,-1,mt,-1
2,014_16,ref,-1,-1,-1,1,014_16,w19_ende_u1,-1,mt,-1
2,014_16,ref,-1,-1,-1,1,014_16,w19_ende_u3,-1,mt,-1
2,014_16,ref,-1,-1,-1,1,014_16,w19_ende_u2,-1,mt,-1
2,014_17,ref,-1,-1,-1,1,014_17,w19_ende_u1,-1,mt,-1
1,014_17,ref,-1,-1,-1,2,014_17,w19_ende_u3,-1,mt,-1
2,014_17,ref,-1,-1,-1,1,014_17,w19_ende_u2,-1,mt,-1
1,014_18,ref,-1,-1,-1,2,014_18,w19_ende_u1,-1,mt,-1
2,014_18,ref,-1,-1,-1,1,014_18,w19_ende_u3,-1,mt,-1
1,014_18,ref,-1,-1,-1,2,014_18,w19_ende_u2,-1,mt,-1
2,014_19,ref,-1,-1,-1,1,014_19,w19_ende_u1,-1,mt,-1
1,014_19,ref,-1,-1,-1,2,014_19,w19_ende_u3,-1,mt,-1
2,014_19,ref,-1,-1,-1,1,014_19,w19_ende_u2,-1,mt,-1
2,014_20,ref,-1,-1,-1,1,014_20,w19_ende_u1,-1,mt,-1
1,014_20,ref,-1,-1,-1,2,014_20,w19_ende_u3,-1,mt,-1
2,014_20,ref,-1,-1,-1,1,014_20,w19_ende_u2,-1,mt,-1
1,014_21,ref,-1,-1,-1,1,014_21,w19_ende_u1,-1,mt,-1
1,014_21,ref,-1,-1,-1,2,014_21,w19_ende_u3,-1,mt,-1
2,014_21,ref,-1,-1,-1,1,014_21,w19_ende_u2,-1,mt,-1
1,014_22,ref,-1,-1,-1,2,014_22,w19_ende_u1,-1,mt,-1
1,014_22,ref,-1,-1,-1,2,014_22,w19_ende_u3,-1,mt,-1
1,014_22,ref,-1,-1,-1,1,014_22,w19_ende_u2,-1,mt,-1
1,014_23,ref,-1,-1,-1,1,014_23,w19_ende_u1,-1,mt,-1
1,014_23,ref,-1,-1,-1,2,014_23,w19_ende_u3,-1,mt,-1
1,014_23,ref,-1,-1,-1,2,014_23,w19_ende_u2,-1,mt,-1
1,014_24,ref,-1,-1,-1,2,014_24,w19_ende_u1,-1,mt,-1
1,014_24,ref,-1,-1,-1,2,014_24,w19_ende_u3,-1,mt,-1
1,014_24,ref,-1,-1,-1,1,014_24,w19_ende_u2,-1,mt,-1
2,014_25,ref,-1,-1,-1,1,014_25,w19_ende_u1,-1,mt,-1
2,014_25,ref,-1,-1,-1,1,014_25,w19_ende_u3,-1,mt,-1
1,014_26,ref,-1,-1,-1,1,014_26,w19_ende_u1,-1,mt,-1
1,014_26,ref,-1,-1,-1,2,014_26,w19_ende_u3,-1,mt,-1
1,014_26,ref,-1,-1,-1,2,014_26,w19_ende_u2,-1,mt,-1
1,014_27,ref,-1,-1,-1,2,014_27,w19_ende_u1,-1,mt,-1
1,014_27,ref,-1,-1,-1,2,014_27,w19_ende_u3,-1,mt,-1
1,014_27,ref,-1,-1,-1,2,014_27,w19_ende_u2,-1,mt,-1
2,015_1,ref,-1,-1,-1,1,015_1,w19_ende_u1,-1,mt,-1
2,015_1,ref,-1,-1,-1,1,015_1,w19_ende_u2,-1,mt,-1
2,015_1,ref,-1,-1,-1,1,015_1,w19_ende_u3,-1,mt,-1
1,015_2,ref,-1,-1,-1,2,015_2,w19_ende_u1,-1,mt,-1
2,015_2,ref,-1,-1,-1,1,015_2,w19_ende_u2,-1,mt,-1
2,015_2,ref,-1,-1,-1,1,015_2,w19_ende_u3,-1,mt,-1
1,015_3,ref,-1,-1,-1,2,015_3,w19_ende_u1,-1,mt,-1
2,015_3,ref,-1,-1,-1,1,015_3,w19_ende_u2,-1,mt,-1
1,015_3,ref,-1,-1,-1,2,015_3,w19_ende_u3,-1,mt,-1
2,015_4,ref,-1,-1,-1,1,015_4,w19_ende_u1,-1,mt,-1
2,015_4,ref,-1,-1,-1,1,015_4,w19_ende_u2,-1,mt,-1
2,015_4,ref,-1,-1,-1,1,015_4,w19_ende_u3,-1,mt,-1
1,015_5,ref,-1,-1,-1,2,015_5,w19_ende_u1,-1,mt,-1
2,015_5,ref,-1,-1,-1,1,015_5,w19_ende_u2,-1,mt,-1
1,015_5,ref,-1,-1,-1,2,015_5,w19_ende_u3,-1,mt,-1
2,015_6,ref,-1,-1,-1,1,015_6,w19_ende_u1,-1,mt,-1
2,015_6,ref,-1,-1,-1,1,015_6,w19_ende_u2,-1,mt,-1
1,015_6,ref,-1,-1,-1,2,015_6,w19_ende_u3,-1,mt,-1
1,015_7,ref,-1,-1,-1,1,015_7,w19_ende_u1,-1,mt,-1
2,015_7,ref,-1,-1,-1,1,015_7,w19_ende_u2,-1,mt,-1
1,015_7,ref,-1,-1,-1,1,015_7,w19_ende_u3,-1,mt,-1
1,015_8,ref,-1,-1,-1,1,015_8,w19_ende_u1,-1,mt,-1
1,015_8,ref,-1,-1,-1,2,015_8,w19_ende_u2,-1,mt,-1
1,015_8,ref,-1,-1,-1,2,015_8,w19_ende_u3,-1,mt,-1
2,015_9,ref,-1,-1,-1,1,015_9,w19_ende_u1,-1,mt,-1
2,015_9,ref,-1,-1,-1,1,015_9,w19_ende_u2,-1,mt,-1
2,015_9,ref,-1,-1,-1,1,015_9,w19_ende_u3,-1,mt,-1
2,015_10,ref,-1,-1,-1,1,015_10,w19_ende_u1,-1,mt,-1
2,015_10,ref,-1,-1,-1,1,015_10,w19_ende_u2,-1,mt,-1
2,015_10,ref,-1,-1,-1,1,015_10,w19_ende_u3,-1,mt,-1
1,015_11,ref,-1,-1,-1,2,015_11,w19_ende_u1,-1,mt,-1
2,015_11,ref,-1,-1,-1,1,015_11,w19_ende_u2,-1,mt,-1
2,015_11,ref,-1,-1,-1,1,015_11,w19_ende_u3,-1,mt,-1
1,015_12,ref,-1,-1,-1,1,015_12,w19_ende_u1,-1,mt,-1
1,015_12,ref,-1,-1,-1,2,015_12,w19_ende_u2,-1,mt,-1
1,015_12,ref,-1,-1,-1,1,015_12,w19_ende_u3,-1,mt,-1
1,015_13,ref,-1,-1,-1,1,015_13,w19_ende_u1,-1,mt,-1
1,015_13,ref,-1,-1,-1,1,015_13,w19_ende_u2,-1,mt,-1
1,015_13,ref,-1,-1,-1,1,015_13,w19_ende_u3,-1,mt,-1
1,015_14,ref,-1,-1,-1,2,015_14,w19_ende_u1,-1,mt,-1
1,015_14,ref,-1,-1,-1,2,015_14,w19_ende_u2,-1,mt,-1
1,015_14,ref,-1,-1,-1,1,015_14,w19_ende_u3,-1,mt,-1
1,015_15,ref,-1,-1,-1,1,015_15,w19_ende_u1,-1,mt,-1
1,015_15,ref,-1,-1,-1,2,015_15,w19_ende_u2,-1,mt,-1
2,015_15,ref,-1,-1,-1,1,015_15,w19_ende_u3,-1,mt,-1
1,015_16,ref,-1,-1,-1,2,015_16,w19_ende_u1,-1,mt,-1
2,015_16,ref,-1,-1,-1,1,015_16,w19_ende_u2,-1,mt,-1
1,015_16,ref,-1,-1,-1,2,015_16,w19_ende_u3,-1,mt,-1
2,015_17,ref,-1,-1,-1,1,015_17,w19_ende_u1,-1,mt,-1
2,015_17,ref,-1,-1,-1,1,015_17,w19_ende_u2,-1,mt,-1
2,015_17,ref,-1,-1,-1,1,015_17,w19_ende_u3,-1,mt,-1
1,015_18,ref,-1,-1,-1,2,015_18,w19_ende_u1,-1,mt,-1
2,015_18,ref,-1,-1,-1,1,015_18,w19_ende_u2,-1,mt,-1
1,015_18,ref,-1,-1,-1,2,015_18,w19_ende_u3,-1,mt,-1
1,015_19,ref,-1,-1,-1,1,015_19,w19_ende_u1,-1,mt,-1
1,015_19,ref,-1,-1,-1,2,015_19,w19_ende_u2,-1,mt,-1
1,015_19,ref,-1,-1,-1,1,015_19,w19_ende_u3,-1,mt,-1
1,015_20,ref,-1,-1,-1,2,015_20,w19_ende_u1,-1,mt,-1
2,015_20,ref,-1,-1,-1,1,015_20,w19_ende_u2,-1,mt,-1
1,015_20,ref,-1,-1,-1,2,015_20,w19_ende_u3,-1,mt,-1
2,015_21,ref,-1,-1,-1,1,015_21,w19_ende_u1,-1,mt,-1
2,015_21,ref,-1,-1,-1,1,015_21,w19_ende_u2,-1,mt,-1
2,015_21,ref,-1,-1,-1,1,015_21,w19_ende_u3,-1,mt,-1
1,015_22,ref,-1,-1,-1,2,015_22,w19_ende_u1,-1,mt,-1
2,015_22,ref,-1,-1,-1,1,015_22,w19_ende_u2,-1,mt,-1
1,015_22,ref,-1,-1,-1,2,015_22,w19_ende_u3,-1,mt,-1
1,015_23,ref,-1,-1,-1,2,015_23,w19_ende_u1,-1,mt,-1
2,015_23,ref,-1,-1,-1,1,015_23,w19_ende_u2,-1,mt,-1
1,015_23,ref,-1,-1,-1,2,015_23,w19_ende_u3,-1,mt,-1
1,015_24,ref,-1,-1,-1,2,015_24,w19_ende_u1,-1,mt,-1
1,015_24,ref,-1,-1,-1,2,015_24,w19_ende_u2,-1,mt,-1
1,015_24,ref,-1,-1,-1,1,015_24,w19_ende_u3,-1,mt,-1
1,015_25,ref,-1,-1,-1,1,015_25,w19_ende_u1,-1,mt,-1
1,015_25,ref,-1,-1,-1,2,015_25,w19_ende_u2,-1,mt,-1
1,015_25,ref,-1,-1,-1,2,015_25,w19_ende_u3,-1,mt,-1
1,015_26,ref,-1,-1,-1,2,015_26,w19_ende_u1,-1,mt,-1
1,015_26,ref,-1,-1,-1,2,015_26,w19_ende_u2,-1,mt,-1
2,015_26,ref,-1,-1,-1,1,015_26,w19_ende_u3,-1,mt,-1
1,015_27,ref,-1,-1,-1,2,015_27,w19_ende_u1,-1,mt,-1
2,015_27,ref,-1,-1,-1,1,015_27,w19_ende_u2,-1,mt,-1
1,015_27,ref,-1,-1,-1,1,015_27,w19_ende_u3,-1,mt,-1
2,016_1,ref,-1,-1,-1,1,016_1,w19_ende_u1,-1,mt,-1
1,016_1,ref,-1,-1,-1,2,016_1,w19_ende_u2,-1,mt,-1
1,016_1,ref,-1,-1,-1,2,016_1,w19_ende_u3,-1,mt,-1
2,016_2,ref,-1,-1,-1,1,016_2,w19_ende_u1,-1,mt,-1
2,016_2,ref,-1,-1,-1,1,016_2,w19_ende_u2,-1,mt,-1
2,016_2,ref,-1,-1,-1,1,016_2,w19_ende_u3,-1,mt,-1
1,016_3,ref,-1,-1,-1,2,016_3,w19_ende_u1,-1,mt,-1
2,016_3,ref,-1,-1,-1,1,016_3,w19_ende_u2,-1,mt,-1
1,016_3,ref,-1,-1,-1,2,016_3,w19_ende_u3,-1,mt,-1
1,016_4,ref,-1,-1,-1,2,016_4,w19_ende_u1,-1,mt,-1
1,016_4,ref,-1,-1,-1,2,016_4,w19_ende_u2,-1,mt,-1
1,016_4,ref,-1,-1,-1,2,016_4,w19_ende_u3,-1,mt,-1
2,017_1,ref,-1,-1,-1,1,017_1,w19_ende_u1,-1,mt,-1
2,017_1,ref,-1,-1,-1,1,017_1,w19_ende_u3,-1,mt,-1
2,017_1,ref,-1,-1,-1,1,017_1,w19_ende_u2,-1,mt,-1
1,017_2,ref,-1,-1,-1,2,017_2,w19_ende_u1,-1,mt,-1
1,017_2,ref,-1,-1,-1,2,017_2,w19_ende_u3,-1,mt,-1
1,017_2,ref,-1,-1,-1,2,017_2,w19_ende_u2,-1,mt,-1
1,017_3,ref,-1,-1,-1,1,017_3,w19_ende_u1,-1,mt,-1
1,017_3,ref,-1,-1,-1,1,017_3,w19_ende_u3,-1,mt,-1
2,017_3,ref,-1,-1,-1,1,017_3,w19_ende_u2,-1,mt,-1
1,017_4,ref,-1,-1,-1,1,017_4,w19_ende_u1,-1,mt,-1
1,017_4,ref,-1,-1,-1,1,017_4,w19_ende_u3,-1,mt,-1
1,017_4,ref,-1,-1,-1,2,017_4,w19_ende_u2,-1,mt,-1
1,017_5,ref,-1,-1,-1,2,017_5,w19_ende_u1,-1,mt,-1
1,017_5,ref,-1,-1,-1,2,017_5,w19_ende_u3,-1,mt,-1
1,017_5,ref,-1,-1,-1,2,017_5,w19_ende_u2,-1,mt,-1
2,017_6,ref,-1,-1,-1,1,017_6,w19_ende_u1,-1,mt,-1
2,017_6,ref,-1,-1,-1,1,017_6,w19_ende_u3,-1,mt,-1
1,017_6,ref,-1,-1,-1,2,017_6,w19_ende_u2,-1,mt,-1
2,017_7,ref,-1,-1,-1,1,017_7,w19_ende_u1,-1,mt,-1
2,017_7,ref,-1,-1,-1,1,017_7,w19_ende_u3,-1,mt,-1
1,017_7,ref,-1,-1,-1,2,017_7,w19_ende_u2,-1,mt,-1
1,017_8,ref,-1,-1,-1,1,017_8,w19_ende_u1,-1,mt,-1
2,017_8,ref,-1,-1,-1,1,017_8,w19_ende_u3,-1,mt,-1
1,017_8,ref,-1,-1,-1,2,017_8,w19_ende_u2,-1,mt,-1
2,017_9,ref,-1,-1,-1,1,017_9,w19_ende_u1,-1,mt,-1
2,017_9,ref,-1,-1,-1,1,017_9,w19_ende_u3,-1,mt,-1
2,017_9,ref,-1,-1,-1,1,017_9,w19_ende_u2,-1,mt,-1
1,017_10,ref,-1,-1,-1,2,017_10,w19_ende_u1,-1,mt,-1
1,017_10,ref,-1,-1,-1,1,017_10,w19_ende_u3,-1,mt,-1
2,017_10,ref,-1,-1,-1,1,017_10,w19_ende_u2,-1,mt,-1
1,017_11,ref,-1,-1,-1,1,017_11,w19_ende_u1,-1,mt,-1
1,017_11,ref,-1,-1,-1,1,017_11,w19_ende_u3,-1,mt,-1
1,017_11,ref,-1,-1,-1,1,017_11,w19_ende_u2,-1,mt,-1
2,017_12,ref,-1,-1,-1,1,017_12,w19_ende_u1,-1,mt,-1
2,017_12,ref,-1,-1,-1,1,017_12,w19_ende_u3,-1,mt,-1
2,017_12,ref,-1,-1,-1,1,017_12,w19_ende_u2,-1,mt,-1
1,017_13,ref,-1,-1,-1,2,017_13,w19_ende_u1,-1,mt,-1
1,017_13,ref,-1,-1,-1,2,017_13,w19_ende_u3,-1,mt,-1
1,017_13,ref,-1,-1,-1,2,017_13,w19_ende_u2,-1,mt,-1
1,017_14,ref,-1,-1,-1,1,017_14,w19_ende_u1,-1,mt,-1
1,017_14,ref,-1,-1,-1,1,017_14,w19_ende_u3,-1,mt,-1
1,017_14,ref,-1,-1,-1,1,017_14,w19_ende_u2,-1,mt,-1
2,017_15,ref,-1,-1,-1,1,017_15,w19_ende_u1,-1,mt,-1
2,017_15,ref,-1,-1,-1,1,017_15,w19_ende_u3,-1,mt,-1
1,017_15,ref,-1,-1,-1,2,017_15,w19_ende_u2,-1,mt,-1
1,018_1,ref,-1,-1,-1,1,018_1,w19_ende_u1,-1,mt,-1
2,018_1,ref,-1,-1,-1,1,018_1,w19_ende_u2,-1,mt,-1
1,018_1,ref,-1,-1,-1,2,018_1,w19_ende_u3,-1,mt,-1
2,018_2,ref,-1,-1,-1,1,018_2,w19_ende_u1,-1,mt,-1
2,018_2,ref,-1,-1,-1,1,018_2,w19_ende_u2,-1,mt,-1
2,018_2,ref,-1,-1,-1,1,018_2,w19_ende_u3,-1,mt,-1
1,018_3,ref,-1,-1,-1,1,018_3,w19_ende_u1,-1,mt,-1
2,018_3,ref,-1,-1,-1,1,018_3,w19_ende_u2,-1,mt,-1
1,018_3,ref,-1,-1,-1,2,018_3,w19_ende_u3,-1,mt,-1
2,018_4,ref,-1,-1,-1,1,018_4,w19_ende_u1,-1,mt,-1
1,018_4,ref,-1,-1,-1,2,018_4,w19_ende_u2,-1,mt,-1
2,018_4,ref,-1,-1,-1,1,018_4,w19_ende_u3,-1,mt,-1
2,018_5,ref,-1,-1,-1,1,018_5,w19_ende_u1,-1,mt,-1
2,018_5,ref,-1,-1,-1,1,018_5,w19_ende_u2,-1,mt,-1
2,018_5,ref,-1,-1,-1,1,018_5,w19_ende_u3,-1,mt,-1
1,018_6,ref,-1,-1,-1,1,018_6,w19_ende_u1,-1,mt,-1
2,018_6,ref,-1,-1,-1,1,018_6,w19_ende_u2,-1,mt,-1
2,018_6,ref,-1,-1,-1,1,018_6,w19_ende_u3,-1,mt,-1
1,018_7,ref,-1,-1,-1,2,018_7,w19_ende_u1,-1,mt,-1
1,018_7,ref,-1,-1,-1,2,018_7,w19_ende_u2,-1,mt,-1
1,018_7,ref,-1,-1,-1,2,018_7,w19_ende_u3,-1,mt,-1
1,019_1,ref,-1,-1,-1,1,019_1,w19_ende_u1,-1,mt,-1
1,019_1,ref,-1,-1,-1,2,019_1,w19_ende_u2,-1,mt,-1
1,019_1,ref,-1,-1,-1,2,019_1,w19_ende_u3,-1,mt,-1
1,019_2,ref,-1,-1,-1,1,019_2,w19_ende_u1,-1,mt,-1
2,019_2,ref,-1,-1,-1,1,019_2,w19_ende_u2,-1,mt,-1
1,019_2,ref,-1,-1,-1,2,019_2,w19_ende_u3,-1,mt,-1
1,019_3,ref,-1,-1,-1,2,019_3,w19_ende_u1,-1,mt,-1
1,019_3,ref,-1,-1,-1,2,019_3,w19_ende_u2,-1,mt,-1
2,019_3,ref,-1,-1,-1,1,019_3,w19_ende_u3,-1,mt,-1
1,019_4,ref,-1,-1,-1,2,019_4,w19_ende_u1,-1,mt,-1
1,019_4,ref,-1,-1,-1,2,019_4,w19_ende_u2,-1,mt,-1
1,019_4,ref,-1,-1,-1,2,019_4,w19_ende_u3,-1,mt,-1
1,019_5,ref,-1,-1,-1,2,019_5,w19_ende_u1,-1,mt,-1
1,019_5,ref,-1,-1,-1,2,019_5,w19_ende_u2,-1,mt,-1
1,019_5,ref,-1,-1,-1,1,019_5,w19_ende_u3,-1,mt,-1
2,019_6,ref,-1,-1,-1,1,019_6,w19_ende_u1,-1,mt,-1
1,019_6,ref,-1,-1,-1,2,019_6,w19_ende_u2,-1,mt,-1
1,019_6,ref,-1,-1,-1,2,019_6,w19_ende_u3,-1,mt,-1
1,019_7,ref,-1,-1,-1,2,019_7,w19_ende_u1,-1,mt,-1
1,019_7,ref,-1,-1,-1,2,019_7,w19_ende_u2,-1,mt,-1
1,019_7,ref,-1,-1,-1,2,019_7,w19_ende_u3,-1,mt,-1
1,019_8,ref,-1,-1,-1,2,019_8,w19_ende_u1,-1,mt,-1
1,019_8,ref,-1,-1,-1,2,019_8,w19_ende_u2,-1,mt,-1
1,019_8,ref,-1,-1,-1,2,019_8,w19_ende_u3,-1,mt,-1
2,019_9,ref,-1,-1,-1,1,019_9,w19_ende_u1,-1,mt,-1
1,019_9,ref,-1,-1,-1,2,019_9,w19_ende_u2,-1,mt,-1
1,019_9,ref,-1,-1,-1,2,019_9,w19_ende_u3,-1,mt,-1
1,019_10,ref,-1,-1,-1,2,019_10,w19_ende_u1,-1,mt,-1
1,019_10,ref,-1,-1,-1,2,019_10,w19_ende_u2,-1,mt,-1
1,019_10,ref,-1,-1,-1,2,019_10,w19_ende_u3,-1,mt,-1
1,019_11,ref,-1,-1,-1,2,019_11,w19_ende_u1,-1,mt,-1
2,019_11,ref,-1,-1,-1,1,019_11,w19_ende_u2,-1,mt,-1
1,019_11,ref,-1,-1,-1,1,019_11,w19_ende_u3,-1,mt,-1
1,019_12,ref,-1,-1,-1,1,019_12,w19_ende_u1,-1,mt,-1
1,019_12,ref,-1,-1,-1,2,019_12,w19_ende_u2,-1,mt,-1
1,019_12,ref,-1,-1,-1,1,019_12,w19_ende_u3,-1,mt,-1
1,019_13,ref,-1,-1,-1,1,019_13,w19_ende_u1,-1,mt,-1
1,019_13,ref,-1,-1,-1,2,019_13,w19_ende_u2,-1,mt,-1
1,019_13,ref,-1,-1,-1,1,019_13,w19_ende_u3,-1,mt,-1
1,019_14,ref,-1,-1,-1,2,019_14,w19_ende_u1,-1,mt,-1
1,019_14,ref,-1,-1,-1,2,019_14,w19_ende_u2,-1,mt,-1
2,019_14,ref,-1,-1,-1,1,019_14,w19_ende_u3,-1,mt,-1
1,019_15,ref,-1,-1,-1,2,019_15,w19_ende_u1,-1,mt,-1
1,019_15,ref,-1,-1,-1,2,019_15,w19_ende_u2,-1,mt,-1
1,019_15,ref,-1,-1,-1,2,019_15,w19_ende_u3,-1,mt,-1
1,019_16,ref,-1,-1,-1,1,019_16,w19_ende_u1,-1,mt,-1
1,019_16,ref,-1,-1,-1,1,019_16,w19_ende_u2,-1,mt,-1
1,019_16,ref,-1,-1,-1,1,019_16,w19_ende_u3,-1,mt,-1
2,019_17,ref,-1,-1,-1,1,019_17,w19_ende_u1,-1,mt,-1
2,019_17,ref,-1,-1,-1,1,019_17,w19_ende_u2,-1,mt,-1
1,019_17,ref,-1,-1,-1,1,019_17,w19_ende_u3,-1,mt,-1
1,019_18,ref,-1,-1,-1,1,019_18,w19_ende_u1,-1,mt,-1
1,019_18,ref,-1,-1,-1,2,019_18,w19_ende_u2,-1,mt,-1
1,019_18,ref,-1,-1,-1,2,019_18,w19_ende_u3,-1,mt,-1
1,019_19,ref,-1,-1,-1,1,019_19,w19_ende_u1,-1,mt,-1
2,019_19,ref,-1,-1,-1,1,019_19,w19_ende_u2,-1,mt,-1
1,019_19,ref,-1,-1,-1,2,019_19,w19_ende_u3,-1,mt,-1
1,020_1,ref,-1,-1,-1,2,020_1,w19_ende_u1,-1,mt,-1
1,020_1,ref,-1,-1,-1,2,020_1,w19_ende_u2,-1,mt,-1
1,020_1,ref,-1,-1,-1,2,020_1,w19_ende_u3,-1,mt,-1
1,020_2,ref,-1,-1,-1,1,020_2,w19_ende_u1,-1,mt,-1
1,020_2,ref,-1,-1,-1,1,020_2,w19_ende_u2,-1,mt,-1
1,020_2,ref,-1,-1,-1,1,020_2,w19_ende_u3,-1,mt,-1
2,020_3,ref,-1,-1,-1,1,020_3,w19_ende_u1,-1,mt,-1
1,020_3,ref,-1,-1,-1,2,020_3,w19_ende_u2,-1,mt,-1
2,020_3,ref,-1,-1,-1,1,020_3,w19_ende_u3,-1,mt,-1
1,020_4,ref,-1,-1,-1,1,020_4,w19_ende_u1,-1,mt,-1
2,020_4,ref,-1,-1,-1,1,020_4,w19_ende_u2,-1,mt,-1
1,020_4,ref,-1,-1,-1,1,020_4,w19_ende_u3,-1,mt,-1
1,020_5,ref,-1,-1,-1,1,020_5,w19_ende_u1,-1,mt,-1
2,020_5,ref,-1,-1,-1,1,020_5,w19_ende_u2,-1,mt,-1
1,020_5,ref,-1,-1,-1,2,020_5,w19_ende_u3,-1,mt,-1
